{"max_position_size": 48.87772067348469, "max_portfolio_size": 7942.47, "max_drawdown": 25.5, "max_risk_per_trade": 0.11583, "max_crypto_equity": 7967.302467104149}